gen,train_min_mean,train_min_std,train_avg_mean,train_avg_std,train_max_mean,train_max_std,test_mean,test_std,invalid_mean
0,0.3660714285714286,0.004464285714285698,0.5794642857142858,0.05624999999999997,1.0,0.0,0.3551307847082495,0.0030181086519114886,2.0
1,0.3638392857142857,0.006696428571428603,0.3848214285714286,0.01428571428571429,0.43080357142857145,0.06026785714285715,0.3561368209255533,0.002012072434607659,0.0
2,0.36160714285714285,0.008928571428571452,0.37142857142857144,0.0017857142857143349,0.390625,0.006696428571428603,0.35110663983903423,0.007042253521126751,0.0
