gen,invalid,valid,avg,std,min,max,fitness_test,best_ind_length,avg_length,best_ind_nodes,avg_nodes,best_ind_depth,avg_depth,avg_used_codons,best_ind_used_codons,selection_time,generation_time,best_phenotype
0,3,7,0.6218181818181818,0.2487868083983913,0.41454545454545455,1.0,0.42225859247135844,51,56.0,1,1.4285714285714286,7,6.571428571428571,4.857142857142857,5,0.0,807.0579605102539,stack ( RF ( max_depth = 50 ) )
1,0,10,0.4378181818181819,0.025151442132059037,0.41454545454545455,0.4727272727272728,0.42225859247135844,51,51.0,1,1.5,7,7.0,5.8,5,8.726119995117188e-05,6.031737565994263,stack ( RF ( max_depth = 50 ) )
2,0,10,0.43672727272727274,0.02104383461269859,0.41454545454545455,0.4763636363636363,0.42225859247135844,51,51.4,1,1.3,7,7.2,5.7,5,8.344650268554688e-05,5.651847839355469,stack ( RF ( max_depth = 50 ) )
3,0,10,0.41890909090909095,0.00872727272727274,0.41454545454545455,0.4363636363636364,0.42225859247135844,51,51.6,1,1.2,7,7.1,5.3,5,6.413459777832031e-05,7.0131096839904785,stack ( RF ( max_depth = 50 ) )
4,0,10,0.42763636363636365,0.02025947385772236,0.41454545454545455,0.4727272727272728,0.42225859247135844,51,52.2,1,1.2,7,7.1,5.4,5,5.602836608886719e-05,8.818453311920166,stack ( RF ( max_depth = 50 ) )
