gen,train_min_mean,test_mean
0,0.3683035714285714,0.35110663983903423
1,0.36607142857142855,0.3501006036217304
2,0.35714285714285715,0.34909456740442657
