{
  "timestamp": "2026-01-28T10:15:37.455536",
  "source": {
    "type": "json",
    "json_file": "Torque_mapper_result.json",
    "torque_command": "vote(LR(C=1.0), SVM(kernel=\"rbf\"); voting=\"hard\")"
  },
  "data_info": {
    "n_samples": 297,
    "n_features": 13,
    "n_classes": 5,
    "class_distribution": {
      "0": 160,
      "1": 54,
      "2": 35,
      "3": 35,
      "4": 13
    }
  },
  "parameters": {
    "test_size": 0.3,
    "cv_folds": 5,
    "random_state": 42
  },
  "estimator_info": {
    "type": "VotingClassifier",
    "module": "sklearn.ensemble._voting"
  },
  "data_split": {
    "train_samples": 207,
    "test_samples": 90,
    "train_features": 13
  },
  "metrics": {
    "accuracy": 0.5333333333333333,
    "precision_macro": 0.10666666666666666,
    "recall_macro": 0.2,
    "f1_macro": 0.1391304347826087,
    "precision_micro": 0.5333333333333333,
    "recall_micro": 0.5333333333333333,
    "f1_micro": 0.5333333333333333,
    "precision_weighted": 0.28444444444444444,
    "recall_weighted": 0.5333333333333333,
    "f1_weighted": 0.3710144927536232,
    "cohen_kappa": 0.0,
    "matthews_corrcoef": 0.0
  },
  "cross_validation": {
    "accuracy": {
      "mean": 0.5387570621468927,
      "std": 0.004428456032150381,
      "scores": [
        0.5333333333333333,
        0.5333333333333333,
        0.5423728813559322,
        0.5423728813559322,
        0.5423728813559322
      ],
      "min": 0.5333333333333333,
      "max": 0.5423728813559322
    },
    "precision_macro": {
      "mean": 0.10775141242937854,
      "std": 0.0008856912064300776,
      "scores": [
        0.10666666666666666,
        0.10666666666666666,
        0.10847457627118644,
        0.10847457627118644,
        0.10847457627118644
      ],
      "min": 0.10666666666666666,
      "max": 0.10847457627118644
    },
    "recall_macro": {
      "mean": 0.2,
      "std": 0.0,
      "scores": [
        0.2,
        0.2,
        0.2,
        0.2,
        0.2
      ],
      "min": 0.2,
      "max": 0.2
    },
    "f1_macro": {
      "mean": 0.14004777830864787,
      "std": 0.0007490078525471725,
      "scores": [
        0.1391304347826087,
        0.1391304347826087,
        0.14065934065934066,
        0.14065934065934066,
        0.14065934065934066
      ],
      "min": 0.1391304347826087,
      "max": 0.14065934065934066
    }
  },
  "confusion_matrix": {
    "matrix": [
      [
        48,
        0,
        0,
        0,
        0
      ],
      [
        16,
        0,
        0,
        0,
        0
      ],
      [
        11,
        0,
        0,
        0,
        0
      ],
      [
        11,
        0,
        0,
        0,
        0
      ],
      [
        4,
        0,
        0,
        0,
        0
      ]
    ],
    "labels": [
      0,
      1,
      2,
      3,
      4
    ]
  },
  "classification_report": {
    "0": {
      "precision": 0.5333333333333333,
      "recall": 1.0,
      "f1-score": 0.6956521739130435,
      "support": 48.0
    },
    "1": {
      "precision": 0.0,
      "recall": 0.0,
      "f1-score": 0.0,
      "support": 16.0
    },
    "2": {
      "precision": 0.0,
      "recall": 0.0,
      "f1-score": 0.0,
      "support": 11.0
    },
    "3": {
      "precision": 0.0,
      "recall": 0.0,
      "f1-score": 0.0,
      "support": 11.0
    },
    "4": {
      "precision": 0.0,
      "recall": 0.0,
      "f1-score": 0.0,
      "support": 4.0
    },
    "accuracy": 0.5333333333333333,
    "macro avg": {
      "precision": 0.10666666666666666,
      "recall": 0.2,
      "f1-score": 0.1391304347826087,
      "support": 90.0
    },
    "weighted avg": {
      "precision": 0.28444444444444444,
      "recall": 0.5333333333333333,
      "f1-score": 0.3710144927536232,
      "support": 90.0
    }
  },
  "status": "success",
  "error": null
}