{
  "timestamp": "2026-02-10T21:07:31.120757",
  "source": {
    "type": "json",
    "json_file": "Torque_mapper_result_b67c66b0.json",
    "torque_command": "vote(LR(C=1.0), DT(max_depth=5); voting=\"hard\")"
  },
  "data_info": {
    "n_samples": 48842,
    "n_features": 14,
    "n_classes": 4,
    "class_distribution": {
      "0": 24720,
      "1": 12435,
      "2": 7841,
      "3": 3846
    }
  },
  "parameters": {
    "test_size": 0.3,
    "cv_folds": 5,
    "random_state": 42
  },
  "estimator_info": {
    "type": "VotingClassifier",
    "module": "sklearn.ensemble._voting"
  },
  "data_split": {
    "train_samples": 34189,
    "test_samples": 14653,
    "train_features": 14
  },
  "metrics": {
    "accuracy": 0.5400259332559886,
    "precision_macro": 0.5141188832917493,
    "recall_macro": 0.3052711917553897,
    "f1_macro": 0.2576069697270473,
    "precision_micro": 0.5400259332559886,
    "recall_micro": 0.5400259332559886,
    "f1_micro": 0.5400259332559886,
    "precision_weighted": 0.5983526396765253,
    "recall_weighted": 0.5400259332559886,
    "f1_weighted": 0.40602960217591566,
    "cohen_kappa": 0.10453292058456631,
    "matthews_corrcoef": 0.20286711547022723
  },
  "cross_validation": {
    "accuracy": {
      "mean": 0.5414192435765781,
      "std": 0.001742519944167949,
      "scores": [
        0.5433514177500256,
        0.5407923021803664,
        0.5384930384930385,
        0.5414619164619164,
        0.542997542997543
      ],
      "min": 0.5384930384930385,
      "max": 0.5433514177500256
    },
    "precision_macro": {
      "mean": 0.47583750772180444,
      "std": 0.09571231972678221,
      "scores": [
        0.2897599941183038,
        0.49572214710975115,
        0.5433703147849807,
        0.499125111209086,
        0.5512099713869005
      ],
      "min": 0.2897599941183038,
      "max": 0.5512099713869005
    },
    "recall_macro": {
      "mean": 0.3073281454208639,
      "std": 0.0030577364667180307,
      "scores": [
        0.31191447462053007,
        0.30734795488252803,
        0.3023244374810835,
        0.3069801989814043,
        0.3080736611387736
      ],
      "min": 0.3023244374810835,
      "max": 0.31191447462053007
    },
    "f1_macro": {
      "mean": 0.26013283729484776,
      "std": 0.003594575257673713,
      "scores": [
        0.264813498338263,
        0.259759030928605,
        0.25388349691200657,
        0.2602052873924716,
        0.2620028729028927
      ],
      "min": 0.25388349691200657,
      "max": 0.264813498338263
    }
  },
  "confusion_matrix": {
    "matrix": [
      [
        7378,
        0,
        38,
        0
      ],
      [
        3714,
        8,
        9,
        0
      ],
      [
        1825,
        0,
        527,
        0
      ],
      [
        895,
        1,
        258,
        0
      ]
    ],
    "labels": [
      0,
      1,
      2,
      3
    ]
  },
  "classification_report": {
    "0": {
      "precision": 0.5341731827396466,
      "recall": 0.9948759439050702,
      "f1-score": 0.6951196532881101,
      "support": 7416.0
    },
    "1": {
      "precision": 0.8888888888888888,
      "recall": 0.0021441972661484857,
      "f1-score": 0.0042780748663101605,
      "support": 3731.0
    },
    "2": {
      "precision": 0.6334134615384616,
      "recall": 0.22406462585034015,
      "f1-score": 0.33103015075376885,
      "support": 2352.0
    },
    "3": {
      "precision": 0.0,
      "recall": 0.0,
      "f1-score": 0.0,
      "support": 1154.0
    },
    "accuracy": 0.5400259332559886,
    "macro avg": {
      "precision": 0.5141188832917493,
      "recall": 0.3052711917553897,
      "f1-score": 0.2576069697270473,
      "support": 14653.0
    },
    "weighted avg": {
      "precision": 0.5983526396765253,
      "recall": 0.5400259332559886,
      "f1-score": 0.40602960217591566,
      "support": 14653.0
    }
  },
  "status": "success",
  "error": null
}