gen,invalid,valid,avg,std,min,max,fitness_test,best_ind_length,avg_length,best_ind_nodes,avg_nodes,best_ind_depth,avg_depth,avg_used_codons,best_ind_used_codons,selection_time,generation_time,best_phenotype
0,5,5,0.521875,0.4782985796027414,0.015625,1.0,0.0699300699300699,93,76.2,2,2.2,6,6.4,6.0,5,0.0,1.9572978019714355,"bag ( LR ( C = 50 , max_iter = 200 ) )"
1,0,10,0.021875,0.007654655446197432,0.015625,0.03125,0.05594405594405594,93,94.5,2,2.0,6,6.1,5.5,5,0.00011491775512695312,6.859417915344238,"bag ( LR ( C = 50 , max_iter = 200 ) )"
2,0,10,0.0609375,0.10015856569085843,0.015625,0.359375,0.06293706293706292,93,93.2,2,2.0,6,6.3,5.5,5,0.00011110305786132812,5.77897310256958,"bag ( LR ( C = 50 , max_iter = 200 ) )"
3,0,10,0.2828125,0.39979547994099435,0.015625,1.0,0.07692307692307687,93,94.0,2,2.5,6,6.7,7.1,5,0.0007979869842529297,3.304619073867798,"bag ( LR ( C = 50 , max_iter = 200 ) )"
