gen,invalid,valid,avg,std,min,max,fitness_test,best_ind_length,avg_length,best_ind_nodes,avg_nodes,best_ind_depth,avg_depth,avg_used_codons,best_ind_used_codons,selection_time,generation_time,best_phenotype
0,1,4,0.6419642857142858,0.2931020317575574,0.3705357142857143,1.0,0.358148893360161,51,65.5,1,1.75,7,6.25,5.0,5,0.0,2.483987808227539,stack ( RF ( max_depth = 5 ) )
1,0,5,0.3705357142857143,0.0,0.3705357142857143,0.3705357142857143,0.358148893360161,51,51.0,1,1.0,7,7.0,5.0,5,9.799003601074219e-05,1.44278883934021,stack ( RF ( max_depth = 5 ) )
2,0,5,0.3732142857142858,0.005357142857142838,0.3705357142857143,0.3839285714285714,0.358148893360161,51,51.0,1,1.2,7,7.0,5.2,5,6.413459777832031e-05,2.4752988815307617,stack ( RF ( max_depth = 5 ) )
