gen,train_min_mean,train_min_std,train_avg_mean,train_avg_std,train_max_mean,train_max_std,test_mean,test_std,invalid_mean
0,0.4411764705882353,0.02941176470588236,0.6544117647058824,0.08088235294117652,1.0,0.0,0.4411764705882353,0.02941176470588236,1.5
1,0.4264705882352941,0.01470588235294118,0.4375,0.02573529411764708,0.4411764705882353,0.02941176470588236,0.4264705882352941,0.01470588235294118,0.0
2,0.4117647058823529,0.02941176470588236,0.43014705882352944,0.02573529411764705,0.45588235294117646,0.01470588235294118,0.4117647058823529,0.02941176470588236,0.0
