gen,train_min_mean,test_mean
0,0.3549107142857143,0.3782696177062374
1,0.35267857142857145,0.3340040241448692
2,0.35267857142857145,0.34004024144869216
