gen,invalid,valid,avg,std,min,max,fitness_test,best_ind_length,avg_length,best_ind_nodes,avg_nodes,best_ind_depth,avg_depth,avg_used_codons,best_ind_used_codons,selection_time,generation_time,best_phenotype
0,3,7,0.6399999999999999,0.21809695319223404,0.46545454545454545,1.0,0.46808510638297873,33,42.285714285714285,1,1.8571428571428572,6,6.285714285714286,5.285714285714286,4,0.0,30.39590334892273,bag ( SVM ( C = 50 ) )
1,0,10,0.4803636363636364,0.040014873267881626,0.46545454545454545,0.6,0.47299509001636664,33,33.0,1,1.0,6,6.0,4.0,4,5.078315734863281e-05,10.914967060089111,bag ( SVM ( C = 50 ) )
2,0,10,0.4985454545454546,0.09122055734671121,0.4618181818181818,0.7709090909090909,0.45662847790507366,33,33.0,1,1.0,6,6.0,4.0,4,0.0001666545867919922,1995.12215924263,bag ( RF ( n_estimators = 5 ) )
3,0,10,0.4992727272727273,0.06419083119821206,0.43272727272727274,0.6072727272727273,0.4484451718494271,33,33.0,1,1.1,6,6.0,4.1,4,5.1975250244140625e-05,4.124574899673462,bag ( RF ( n_estimators = 5 ) )
4,0,10,0.42981818181818177,0.023611175390178804,0.40727272727272723,0.4945454545454545,0.46317512274959083,32,33.1,1,1.0,6,6.0,4.0,4,5.364418029785156e-05,8.680716514587402,bag ( RF ( max_depth = 200 ) )
