gen,invalid,valid,avg,std,min,max,fitness_test,best_ind_length,avg_length,best_ind_nodes,avg_nodes,best_ind_depth,avg_depth,avg_used_codons,best_ind_used_codons,selection_time,generation_time,best_phenotype
0,3,2,0.5964444444444444,0.3499371372118141,0.12777777777777777,1.0,0.16049999999999998,90,91.5,1,1.5,7,6.5,4.5,4,0.0,3.0989341735839844,stack ( KNN ( n_neighbors = 50 ) )
1,0,5,0.23088888888888884,0.1443117339068791,0.12777777777777777,0.5155555555555555,0.16049999999999998,90,90.0,1,1.2,7,7.0,4.8,4,3.170967102050781e-05,19.061911582946777,stack ( KNN ( n_neighbors = 50 ) )
2,0,5,0.19866666666666666,0.16216650489124435,0.05777777777777782,0.5155555555555555,0.07550000000000001,89,90.0,1,1.0,7,7.0,4.4,5,3.409385681152344e-05,17.768513441085815,stack ( RF ( n_estimators = 10 ) )
3,0,5,0.05777777777777782,0.0,0.05777777777777782,0.05777777777777782,0.07550000000000001,89,89.0,1,1.0,7,7.0,5.0,5,3.0517578125e-05,1.8507657051086426,stack ( RF ( n_estimators = 10 ) )
4,0,5,0.042444444444444465,0.012656916325242809,0.030000000000000027,0.05777777777777782,0.04349999999999998,88,89.0,1,1.0,7,7.0,5.0,5,3.0994415283203125e-05,17.072561740875244,stack ( RF ( n_estimators = 200 ) )
5,0,5,0.07377777777777776,0.0533916348004691,0.030000000000000027,0.1466666666666666,0.04349999999999998,88,88.0,1,1.0,7,7.0,5.0,5,4.100799560546875e-05,24.907031536102295,stack ( RF ( n_estimators = 200 ) )
