gen,invalid,valid,avg,std,min,max,fitness_test,best_ind_length,avg_length,best_ind_nodes,avg_nodes,best_ind_depth,avg_depth,avg_used_codons,best_ind_used_codons,selection_time,generation_time,best_phenotype
0,2,2,0.7352941176470589,0.2647058823529412,0.47058823529411764,1.0,0.47058823529411764,93,91.5,2,1.5,6,6.5,4.5,5,0.0,0.03609657287597656,"bag ( LR ( C = 0.1 , max_iter = 2 ) )"
1,0,4,0.4632352941176471,0.012735667702712335,0.4411764705882353,0.47058823529411764,0.4411764705882353,90,91.5,1,1.25,7,6.5,4.5,5,1.8835067749023438e-05,0.13315486907958984,stack ( RF ( n_estimators = 1 ) )
2,0,4,0.45588235294117646,0.01470588235294118,0.4411764705882353,0.47058823529411764,0.4411764705882353,90,90.0,1,1.25,7,7.25,5.75,5,3.695487976074219e-05,0.24171805381774902,stack ( RF ( n_estimators = 1 ) )
