gen,invalid,valid,avg,std,min,max,fitness_test,best_ind_length,avg_length,best_ind_nodes,avg_nodes,best_ind_depth,avg_depth,avg_used_codons,best_ind_used_codons,selection_time,generation_time,best_phenotype
0,3,2,0.6357142857142857,0.2984948423647674,0.3616071428571429,1.0,0.352112676056338,93,91.5,2,1.5,6,6.5,4.5,5,0.0,0.7024519443511963,"bag ( LR ( C = 0.1 , max_iter = 2 ) )"
1,0,5,0.5258928571428572,0.24122680178197278,0.3616071428571429,1.0,0.3380281690140845,93,93.0,2,2.0,6,6.2,5.0,5,5.316734313964844e-05,0.3302879333496094,"bag ( LR ( C = 0.1 , max_iter = 2 ) )"
2,0,5,0.3732142857142858,0.009616365727025867,0.3616071428571429,0.3839285714285714,0.358148893360161,93,93.0,2,1.6,6,6.0,4.6,5,6.389617919921875e-05,1.647982120513916,"bag ( LR ( C = 0.1 , max_iter = 2 ) )"
