gen,invalid,valid,avg,std,min,max,fitness_test,best_ind_length,avg_length,best_ind_nodes,avg_nodes,best_ind_depth,avg_depth,avg_used_codons,best_ind_used_codons,selection_time,generation_time,best_phenotype
0,1,3,0.5535714285714286,0.2583699330832219,0.3839285714285714,1.0,0.3839285714285714,51,57.666666666666664,1,1.6666666666666667,7,6.333333333333333,5.0,5,0.0,1.3813591003417969,stack ( RF ( max_depth = 50 ) )
1,0,4,0.39620535714285715,0.021264016610778647,0.3839285714285714,0.4330357142857143,0.3839285714285714,51,51.0,1,1.0,7,7.0,5.0,5,2.5987625122070312e-05,0.6490716934204102,stack ( RF ( max_depth = 50 ) )
2,0,4,0.39397321428571425,0.011104770503422108,0.3839285714285714,0.4107142857142857,0.3839285714285714,51,51.0,1,2.25,7,8.0,8.5,5,1.7881393432617188e-05,0.3336915969848633,stack ( RF ( max_depth = 50 ) )
