gen,invalid,avg,std,min,max,fitness_test,best_ind_length,avg_length,best_ind_nodes,avg_nodes,best_ind_depth,avg_depth,avg_used_codons,best_ind_used_codons,invalid_count_min,invalid_count_avg,invalid_count_max,invalid_count_std,nodes_length_min,nodes_length_avg,nodes_length_max,nodes_length_std,structural_diversity,selection_time,generation_time
0,2,0.7931547619047619,0.29252334102657773,0.3794642857142857,1.0,0.34004024144869216,93,93.0,2,2.0,6,6.0,5.0,5,2,2.0,2,0.0,2,2.0,2,0.0,0.3333333333333333,0.0,0.2502288818359375
1,0,0.38690476190476186,0.013800027523059085,0.375,0.40625,0.34004024144869216,97,93.0,2,1.6666666666666667,6,6.0,4.666666666666667,5,0,0.0,0,0.0,1,1.6666666666666667,2,0.5773502691896257,0.6666666666666666,1.8835067749023438e-05,1.3525090217590332
2,0,0.3660714285714286,0.006313453403451295,0.3616071428571429,0.375,0.3340040241448692,97,97.0,2,2.0,6,6.0,5.0,5,0,0.0,0,0.0,2,2.0,2,0.0,0.3333333333333333,2.193450927734375e-05,0.7745332717895508
