gen,invalid,valid,avg,std,min,max,fitness_test,best_ind_length,avg_length,best_ind_nodes,avg_nodes,best_ind_depth,avg_depth,avg_used_codons,best_ind_used_codons,selection_time,generation_time,best_phenotype
0,3,7,0.6894545454545454,0.25465556060187367,0.41454545454545455,1.0,0.41734860883797054,33,54.714285714285715,1,1.4285714285714286,7,6.714285714285714,5.0,5,0.0,0.5112893581390381,vote ( GB ( n_estimators = 10 ) )
1,0,10,0.44363636363636355,0.045330740486537964,0.41454545454545455,0.56,0.41734860883797054,33,33.0,1,1.2,7,7.1,5.2,5,5.245208740234375e-05,1.5192952156066895,vote ( GB ( n_estimators = 10 ) )
2,0,10,0.43599999999999994,0.028745678798504246,0.41454545454545455,0.4945454545454545,0.41734860883797054,33,33.0,1,1.2,7,7.1,5.3,5,8.273124694824219e-05,2.479888439178467,vote ( GB ( n_estimators = 10 ) )
3,0,10,0.4378181818181818,0.036370908363781776,0.41454545454545455,0.5309090909090909,0.41734860883797054,33,33.0,1,1.0,7,6.9,4.9,5,4.9114227294921875e-05,11.327046632766724,vote ( GB ( n_estimators = 10 ) )
4,0,10,0.47236363636363626,0.05367671825516745,0.41454545454545455,0.5454545454545454,0.41734860883797054,33,33.3,1,1.8,7,7.6,6.9,5,5.0067901611328125e-05,1.484729528427124,vote ( GB ( n_estimators = 10 ) )
