gen,invalid,valid,avg,std,min,max,fitness_test,best_ind_length,avg_length,best_ind_nodes,avg_nodes,best_ind_depth,avg_depth,avg_used_codons,best_ind_used_codons,selection_time,generation_time,best_phenotype
0,1,3,0.55,0.2669269563007828,0.30000000000000004,1.0,0.4418604651162791,51,57.666666666666664,1,1.6666666666666667,7,6.333333333333333,5.0,5,0.0,0.3755989074707031,stack ( RF ( max_depth = 50 ) )
1,0,4,0.3125,0.02165063509461094,0.30000000000000004,0.35,0.4418604651162791,51,51.0,1,1.0,7,7.0,5.0,5,3.504753112792969e-05,2.2978410720825195,stack ( RF ( max_depth = 50 ) )
2,0,4,0.3375,0.04145780987944249,0.30000000000000004,0.4,0.4418604651162791,51,51.0,1,2.25,7,8.0,8.5,5,2.8371810913085938e-05,1.1843106746673584,stack ( RF ( max_depth = 50 ) )
