gen,invalid,valid,avg,std,min,max,fitness_test,best_ind_length,avg_length,best_ind_nodes,avg_nodes,best_ind_depth,avg_depth,avg_used_codons,best_ind_used_codons,selection_time,generation_time,best_phenotype
0,1,3,0.5735294117647058,0.2473912329597165,0.4117647058823529,1.0,0.4117647058823529,88,57.666666666666664,2,1.6666666666666667,6,6.333333333333333,5.0,5,0.0,0.3181443214416504,"bag ( SVM ( C = 50 , kernel = poly ) )"
1,0,4,0.4117647058823529,0.0,0.4117647058823529,0.4117647058823529,0.4117647058823529,88,69.5,2,1.5,6,6.5,5.0,5,2.7894973754882812e-05,0.7272469997406006,"bag ( SVM ( C = 50 , kernel = poly ) )"
2,0,4,0.40441176470588236,0.024386946987907356,0.38235294117647056,0.4411764705882353,0.38235294117647056,50,60.25,5,2.25,11,7.75,8.25,18,2.193450927734375e-05,1.4844367504119873,"stack ( NB ( var_smoothing = 1e-8 ) , SVM ( C = 0.1 ) , NB ( var_smoothing = 1e-9 ) , KNN ( n_neighbors = 2 ) , LR ( penalty = l2 ) )"
