gen,invalid,valid,avg,std,min,max,fitness_test,best_ind_length,avg_length,best_ind_nodes,avg_nodes,best_ind_depth,avg_depth,avg_used_codons,best_ind_used_codons,selection_time,generation_time,best_phenotype
0,4,16,0.5575,0.4514628999153751,0.0,1.0,0.0,51,52.3125,1,1.8125,7,6.3125,5.1875,5,0.0,1.9301939010620117,stack ( RF ( max_depth = 5 ) )
1,0,20,0.12000000000000002,0.23366642891095846,0.0,1.0,0.0,51,49.6,1,2.1,7,6.45,5.85,5,0.00042128562927246094,2.8886919021606445,stack ( RF ( max_depth = 5 ) )
2,0,20,0.065,0.11521718621802912,0.0,0.35,0.0,51,58.45,1,1.6,7,6.75,5.6,5,0.0001800060272216797,4.346378803253174,stack ( RF ( max_depth = 5 ) )
3,0,20,0.17,0.30224162519414827,0.0,1.0,0.0,51,59.2,1,1.75,7,6.5,5.65,5,0.0006461143493652344,12.839331865310669,stack ( RF ( max_depth = 5 ) )
4,0,20,0.035,0.09759610647971567,0.0,0.35,0.0,51,70.6,1,1.8,7,6.55,6.0,5,0.00024199485778808594,3.265244960784912,stack ( RF ( max_depth = 5 ) )
5,0,20,0.0675,0.2237604746151563,0.0,1.0,0.0,51,70.15,1,1.85,7,6.45,5.85,5,0.000202178955078125,1.7742481231689453,stack ( RF ( max_depth = 5 ) )
