gen,train_min_mean,train_min_std,train_avg_mean,train_avg_std,train_max_mean,train_max_std,test_mean,test_std,invalid_mean
0,0.3683035714285714,0.015625,0.6325892857142856,0.002232142857142849,1.0,0.0,0.3752515090543259,0.04124748490945673,2.0
1,0.3683035714285714,0.015625,0.4357142857142857,0.0776785714285714,0.6897321428571428,0.31026785714285715,0.37726358148893363,0.047283702213279655,0.0
2,0.36160714285714285,0.008928571428571452,0.37187499999999996,0.008482142857142855,0.39285714285714285,0.004464285714285754,0.3742454728370221,0.0261569416498994,0.0
