gen,train_min_mean,train_min_std,train_avg_mean,train_avg_std,train_max_mean,train_max_std,test_mean,test_std,invalid_mean
0,0.3549107142857143,0.015625,0.624107142857143,0.012500000000000011,1.0,0.0,0.3782696177062374,0.0261569416498994,2.0
1,0.3549107142857143,0.015625,0.3736607142857143,0.03348214285714285,0.3950892857142857,0.0513392857142857,0.3340040241448692,0.01810865191146882,0.0
2,0.3549107142857143,0.015625,0.496875,0.025446428571428592,1.0,0.0,0.3380281690140845,0.01810865191146882,0.0
