gen,train_min_mean,train_min_std,train_avg_mean,train_avg_std,train_max_mean,train_max_std,test_mean,test_std,invalid_mean
0,0.4334545454545454,0.023272727272727257,0.6447999999999998,0.036397366174804616,1.0,0.0,0.4432078559738134,0.0346941294984906,3.2
1,0.4334545454545454,0.023272727272727257,0.46305454545454544,0.03509089024964163,0.6247272727272728,0.19320558142614533,0.444189852700491,0.035445714111637466,0.0
2,0.43272727272727274,0.022297759588008552,0.46465454545454543,0.03778698013560484,0.6443636363636364,0.20984559455399346,0.4409165302782324,0.03332685927649209,0.0
3,0.42618181818181816,0.015833848041510733,0.45280000000000004,0.03334797254297888,0.5287272727272727,0.07584586370608691,0.4284779050736498,0.015574962033872736,0.0
4,0.41018181818181815,0.004240692287160211,0.44087272727272725,0.018477021691238875,0.4952727272727273,0.026662258588833948,0.42815057283142394,0.018330605564648113,0.0
