gen,invalid,avg,std,min,max,fitness_test,best_ind_length,avg_length,best_ind_nodes,avg_nodes,best_ind_depth,avg_depth,avg_used_codons,best_ind_used_codons,invalid_count_min,invalid_count_avg,invalid_count_max,invalid_count_std,nodes_length_min,nodes_length_avg,nodes_length_max,nodes_length_std,structural_diversity,selection_time,generation_time
0,3,0.6366071428571429,0.2969954777021196,0.3705357142857143,1.0,0.4044265593561368,93,91.5,2,1.5,6,6.5,4.5,5,3,3.0,3,0.0,1,1.5,2,0.7071067811865476,0.4,0.0,0.46888303756713867
1,0,0.40714285714285714,0.024024328655488755,0.3705357142857143,0.4464285714285714,0.31589537223340036,87,92.4,1,1.6,6,6.4,4.6,4,0,0.0,0,0.0,1,1.6,3,0.8944271909999159,1.0,0.00016307830810546875,4.581556081771851
2,0,0.5419642857142858,0.24305729672197857,0.3705357142857143,1.0,0.329979879275654,87,87.0,1,1.0,6,6.0,4.0,4,0,0.0,0,0.0,1,1.0,1,0.0,0.6,6.29425048828125e-05,8.86723804473877
