gen,invalid,valid,avg,std,min,max,fitness_test,best_ind_length,avg_length,best_ind_nodes,avg_nodes,best_ind_depth,avg_depth,avg_used_codons,best_ind_used_codons,selection_time,generation_time,best_phenotype
0,3,2,0.6348214285714285,0.29822497842250245,0.3839285714285714,1.0,0.3340040241448692,93,91.5,2,1.5,6,6.5,4.5,5,0.0,0.14055180549621582,"bag ( LR ( C = 0.1 , max_iter = 2 ) )"
1,0,5,0.5133928571428571,0.24360441753978512,0.3839285714285714,1.0,0.329979879275654,93,93.0,2,2.0,6,6.2,5.0,5,4.601478576660156e-05,0.17492413520812988,"bag ( LR ( C = 0.1 , max_iter = 2 ) )"
2,0,5,0.38035714285714284,0.0059225442684917645,0.3705357142857143,0.3883928571428571,0.3480885311871227,92,94.2,1,1.6,6,6.0,4.6,4,5.817413330078125e-05,0.2924463748931885,bag ( LR ( penalty = l2 ) )
