gen,invalid,valid,avg,std,min,max,fitness_test,best_ind_length,avg_length,best_ind_nodes,avg_nodes,best_ind_depth,avg_depth,avg_used_codons,best_ind_used_codons,selection_time,generation_time,best_phenotype
0,1,4,0.5073333333333332,0.3452668318636837,0.05222222222222217,1.0,0.04949999999999999,51,65.5,1,1.5,7,6.25,4.75,5,0.0,829.4186255931854,stack ( RF ( max_depth = 50 ) )
1,0,5,0.05222222222222217,0.0,0.05222222222222217,0.05222222222222217,0.04949999999999999,51,51.0,1,1.0,7,7.0,5.0,5,4.100799560546875e-05,16.866584062576294,stack ( RF ( max_depth = 50 ) )
2,0,5,0.0493333333333333,0.005777777777777749,0.0377777777777778,0.05222222222222217,0.030000000000000027,50,51.0,1,1.0,7,7.0,4.8,4,3.5762786865234375e-05,10.703577280044556,stack ( KNN ( n_neighbors = 3 ) )
3,0,5,0.14777777777777779,0.18720293339476532,0.010000000000000009,0.5111111111111111,0.017000000000000015,52,50.0,1,1.0,7,7.0,4.2,4,3.528594970703125e-05,2.1180782318115234,stack ( KNN ( n_neighbors = 1 ) )
4,0,5,0.02511111111111113,0.030222222222222244,0.010000000000000009,0.0855555555555556,0.017000000000000015,52,52.0,1,1.0,7,7.0,4.0,4,3.6716461181640625e-05,1.442995309829712,stack ( KNN ( n_neighbors = 1 ) )
5,0,5,0.010000000000000009,0.0,0.010000000000000009,0.010000000000000009,0.017000000000000015,52,52.2,1,1.0,7,7.0,4.0,4,3.600120544433594e-05,1.618391990661621,stack ( KNN ( n_neighbors = 1 ) )
