gen,train_min_mean,train_min_std,train_avg_mean,train_avg_std,train_max_mean,train_max_std,test_mean,test_std,invalid_mean
0,0.025000000000000022,0.025000000000000022,0.4875,0.08749999999999997,1.0,0.0,0.025000000000000022,0.025000000000000022,1.5
1,0.0,0.0,0.13125,0.11875,0.35000000000000003,0.3,0.0,0.0,0.0
2,0.0,0.0,0.012500000000000011,0.012500000000000011,0.025000000000000022,0.025000000000000022,0.0,0.0,0.0
