gen,train_min_mean,train_min_std,train_avg_mean,train_avg_std,train_max_mean,train_max_std,test_mean,test_std,invalid_mean
0,0.025000000000000022,0.025000000000000022,0.4875,0.08749999999999997,1.0,0.0,0.04444444444444445,0.04444444444444445,1.5
1,0.0,0.0,0.24375000000000002,0.006249999999999992,0.825,0.175,0.0222222222222222,0.0222222222222222,0.0
2,0.0,0.0,0.012500000000000011,0.0,0.050000000000000044,0.0,0.0222222222222222,0.0222222222222222,0.0
