gen,invalid,avg,std,min,max,fitness_test,best_ind_length,avg_length,best_ind_nodes,avg_nodes,best_ind_depth,avg_depth,avg_used_codons,best_ind_used_codons,invalid_count_min,invalid_count_avg,invalid_count_max,invalid_count_std,nodes_length_min,nodes_length_avg,nodes_length_max,nodes_length_std,structural_diversity,selection_time,generation_time
0,1,0.5744047619047619,0.3009633531001691,0.3571428571428571,1.0,0.3621730382293763,88,61.0,2,2.0,6,6.0,5.0,5,1,1.0,1,0.0,2,2.0,2,0.0,0.6666666666666666,0.0,0.4926645755767822
1,0,0.44940476190476186,0.13047803700466057,0.3571428571428571,0.6339285714285714,0.36016096579476864,88,88.0,2,1.6666666666666667,6,6.0,4.666666666666667,5,0,0.0,0,0.0,1,1.6666666666666667,2,0.5773502691896257,1.0,4.792213439941406e-05,0.6397826671600342
2,0,0.35565476190476186,0.002104484467817098,0.3526785714285714,0.3571428571428571,0.36418511066398396,84,86.0,1,1.3333333333333333,6,6.0,4.333333333333333,4,0,0.0,0,0.0,1,1.3333333333333333,2,0.5773502691896257,1.0,3.0279159545898438e-05,3.9203402996063232
