gen,train_min_mean,train_min_std,train_avg_mean,train_avg_std,train_max_mean,train_max_std,test_mean,test_std,invalid_mean
0,0.38616071428571425,0.002232142857142849,0.6283482142857143,0.0747767857142857,1.0,0.0,0.38616071428571425,0.002232142857142849,1.5
1,0.37723214285714285,0.006696428571428548,0.3895089285714286,0.006696428571428575,0.4107142857142857,0.022321428571428603,0.37723214285714285,0.006696428571428548,0.0
2,0.37723214285714285,0.006696428571428548,0.3900669642857143,0.0039062499999999722,0.40625,0.004464285714285698,0.37723214285714285,0.006696428571428548,0.0
