gen,invalid,valid,avg,std,min,max,fitness_test,best_ind_length,avg_length,best_ind_nodes,avg_nodes,best_ind_depth,avg_depth,avg_used_codons,best_ind_used_codons,selection_time,generation_time,best_phenotype
0,3,7,0.5515625,0.44863345021994294,0.09375,1.0,0.09790209790209792,88,56.0,2,1.4285714285714286,6,6.571428571428571,4.857142857142857,5,0.0,1.96492600440979,"bag ( SVM ( C = 100 , kernel = poly ) )"
1,0,10,0.0921875,0.0046875,0.078125,0.09375,0.04895104895104896,59,49.8,2,1.3,6,6.7,4.6,6,0.0010008811950683594,3.352663040161133,ada ( RF ( max_depth = 10 ) ; voting = soft )
2,0,10,0.1140625,0.09112202069889583,0.046875,0.375,0.034965034965035,87,50.2,3,1.6,6,6.5,5.2,7,0.00022602081298828125,22.15136408805847,"ada ( RF ( n_estimators = 50 , max_depth = 1 ) ; final_estimator = KNN )"
3,0,10,0.06875,0.015934435979977454,0.046875,0.09375,0.020979020979020935,87,67.2,3,2.3,6,6.2,6.3,7,0.00011873245239257812,21.05669093132019,"ada ( RF ( n_estimators = 50 , max_depth = 1 ) ; final_estimator = KNN )"
