gen,train_min_mean,train_min_std,train_avg_mean,train_avg_std,train_max_mean,train_max_std,test_mean,test_std,invalid_mean
0,0.3683035714285714,0.015625,0.6325892857142856,0.002232142857142849,1.0,0.0,0.3752515090543259,0.04124748490945673,2.0
1,0.3683035714285714,0.015625,0.4419642857142857,0.0714285714285714,0.6986607142857143,0.3013392857142857,0.36519114688128773,0.035211267605633756,0.0
2,0.36160714285714285,0.008928571428571452,0.37991071428571427,0.00044642857142856984,0.39732142857142855,0.008928571428571452,0.3832997987927565,0.03521126760563381,0.0
