gen,invalid,valid,avg,std,min,max,fitness_test,best_ind_length,avg_length,best_ind_nodes,avg_nodes,best_ind_depth,avg_depth,avg_used_codons,best_ind_used_codons,selection_time,generation_time,best_phenotype
0,1,3,0.5921052631578948,0.23647632573172933,0.42105263157894735,1.0,0.4418604651162791,51,57.666666666666664,1,1.6666666666666667,7,6.333333333333333,5.0,5,0.0,0.41619253158569336,stack ( RF ( max_depth = 50 ) )
1,0,4,0.4342105263157895,0.02279014220485367,0.42105263157894735,0.4736842105263158,0.4418604651162791,51,51.0,1,1.0,7,7.0,5.0,5,9.202957153320312e-05,2.0784218311309814,stack ( RF ( max_depth = 50 ) )
2,0,4,0.40789473684210525,0.05735393346764046,0.3157894736842105,0.4736842105263158,0.4651162790697675,50,51.0,5,2.25,11,8.0,8.5,18,2.6941299438476562e-05,1.1902711391448975,"stack ( NB ( var_smoothing = 1e-8 ) , SVM ( C = 1.0 ) , NB ( var_smoothing = 1e-9 ) , KNN ( n_neighbors = 2 ) , LR ( penalty = l2 ) )"
