gen,invalid,valid,avg,std,min,max,fitness_test,best_ind_length,avg_length,best_ind_nodes,avg_nodes,best_ind_depth,avg_depth,avg_used_codons,best_ind_used_codons,selection_time,generation_time,best_phenotype
0,2,2,0.575,0.43084219849035216,0.050000000000000044,1.0,0.0888888888888889,93,91.5,2,1.5,6,6.5,4.5,5,0.0,0.7295191287994385,"bag ( LR ( C = 50 , max_iter = 200 ) )"
1,0,4,0.4875,0.36635877224382113,0.050000000000000044,1.0,0.0888888888888889,93,93.0,2,2.5,6,7.0,7.75,5,6.604194641113281e-05,1.2102179527282715,"bag ( LR ( C = 50 , max_iter = 200 ) )"
2,0,4,0.4375,0.4067785023818245,0.050000000000000044,1.0,0.06666666666666665,93,93.0,2,2.0,6,6.0,5.0,5,4.887580871582031e-05,1.0982191562652588,"bag ( LR ( C = 50 , max_iter = 200 ) )"
