gen,train_min_mean,train_min_std,train_avg_mean,train_avg_std,train_max_mean,train_max_std,test_mean,test_std,invalid_mean
0,0.0546875,0.0390625,0.5367187499999999,0.014843749999999989,1.0,0.0,0.0839160839160839,0.013986013986014012,4.0
1,0.046875,0.03125,0.057031250000000006,0.03515625,0.0625,0.03125,0.05244755244755245,0.003496503496503489,0.0
2,0.03125,0.015625,0.0875,0.0265625,0.3671875,0.0078125,0.04895104895104896,0.013986013986013957,0.0
3,0.03125,0.015625,0.17578125,0.10703125000000001,0.546875,0.453125,0.0489510489510489,0.02797202797202797,0.0
