gen,train_min_mean,train_min_std,train_avg_mean,train_avg_std,train_max_mean,train_max_std,test_mean,test_std,invalid_mean
0,0.4473684210526316,0.026315789473684237,0.6644736842105263,0.07236842105263158,1.0,0.0,0.4534883720930233,0.011627906976744207,1.5
1,0.4473684210526316,0.026315789473684237,0.5328947368421053,0.09868421052631582,0.736842105263158,0.2631578947368421,0.4534883720930233,0.011627906976744207,0.0
2,0.34210526315789475,0.026315789473684237,0.4342105263157895,0.026315789473684265,0.5,0.026315789473684237,0.4651162790697675,0.0,0.0
