gen,invalid,valid,avg,std,min,max,fitness_test,best_ind_length,avg_length,best_ind_nodes,avg_nodes,best_ind_depth,avg_depth,avg_used_codons,best_ind_used_codons,selection_time,generation_time,best_phenotype
0,2,8,0.5919999999999999,0.20741175560617667,0.45818181818181813,1.0,0.4991816693944353,45,54.25,3,1.75,7,6.5,5.125,7,0.0,2.9034197330474854,"ada ( DT ( max_depth = 1 , criterion = gini , min_samples_split = 0.3 ) )"
1,0,10,0.5239999999999999,0.1597142075683111,0.45818181818181813,1.0,0.4991816693944353,45,44.7,3,2.5,7,6.8,6.3,7,5.602836608886719e-05,2.703580141067505,"ada ( DT ( max_depth = 1 , criterion = gini , min_samples_split = 0.3 ) )"
2,0,10,0.5214545454545454,0.16015859908073665,0.45818181818181813,1.0,0.4991816693944353,45,45.0,3,2.6,7,6.7,6.3,7,5.078315734863281e-05,3.00917387008667,"ada ( DT ( max_depth = 1 , criterion = gini , min_samples_split = 0.3 ) )"
3,0,10,0.4858181818181818,0.05163636363636364,0.4545454545454546,0.6181818181818182,0.4451718494271686,45,45.7,3,2.4,8,6.8,6.2,9,0.00012946128845214844,22.612955331802368,"stack ( KNN ( n_neighbors = 1 ) , XGB ( n_estimators = 2 , max_depth = 100 ) )"
4,0,10,0.4512727272727274,0.015032746624432297,0.4109090909090909,0.4727272727272728,0.41080196399345337,44,45.1,7,3.3,10,8.2,9.8,20,8.678436279296875e-05,7.513948440551758,"stack ( KNN ( n_neighbors = 3 ) , GB ( n_estimators = 100 , learning_rate = 0.1 ) , DT ( max_depth = 3 , criterion = log_loss , min_samples_split = 0.5 ) , RF ( n_estimators = 3 ) )"
