gen,invalid,valid,avg,std,min,max,fitness_test,best_ind_length,avg_length,best_ind_nodes,avg_nodes,best_ind_depth,avg_depth,avg_used_codons,best_ind_used_codons,selection_time,generation_time,best_phenotype
0,4,16,0.6908482142857142,0.3094200099962783,0.3571428571428571,1.0,0.36418511066398396,88,52.3125,2,1.5625,6,6.3125,4.9375,5,0.0,5.1026599407196045,"bag ( SVM ( C = 100 , kernel = poly ) )"
1,0,20,0.38437499999999997,0.03489289826726631,0.3258928571428571,0.4910714285714286,0.3762575452716298,25,52.85,2,1.75,6,6.35,5.3,6,0.00017905235290527344,7.007839918136597,ada ( GB ( n_estimators = 2 ) ; final_estimator = DT )
2,0,20,0.42566964285714287,0.19255140178922325,0.3258928571428571,1.0,0.37424547283702214,25,52.35,2,1.85,6,6.4,5.6,6,0.00019097328186035156,3.314525842666626,ada ( GB ( n_estimators = 2 ) ; final_estimator = DT )
3,0,20,0.42857142857142855,0.1940552647851027,0.3258928571428571,1.0,0.37424547283702214,25,63.05,2,2.2,6,6.35,6.4,6,0.0003581047058105469,32.81260323524475,ada ( GB ( n_estimators = 2 ) ; final_estimator = DT )
4,0,20,0.3845982142857142,0.14369366548098858,0.3258928571428571,1.0,0.37424547283702214,25,56.35,2,2.85,6,7.0,8.25,6,0.00018286705017089844,5.558018922805786,ada ( GB ( n_estimators = 2 ) ; final_estimator = DT )
5,0,20,0.38147321428571423,0.1442004021456046,0.3258928571428571,1.0,0.37424547283702214,25,61.65,2,2.35,6,6.5,6.75,6,0.0002779960632324219,2.555706739425659,ada ( GB ( n_estimators = 2 ) ; final_estimator = DT )
