gen,invalid,valid,avg,std,min,max,fitness_test,best_ind_length,avg_length,best_ind_nodes,avg_nodes,best_ind_depth,avg_depth,avg_used_codons,best_ind_used_codons,selection_time,generation_time,best_phenotype
0,1,4,0.6303571428571428,0.3032482523461931,0.3526785714285714,1.0,0.41649899396378265,88,65.5,2,1.75,6,6.25,5.0,5,0.0,2.9604978561401367,"bag ( SVM ( C = 50 , kernel = poly ) )"
1,0,5,0.3705357142857143,0.017174450055063715,0.3526785714285714,0.3973214285714286,0.4004024144869215,88,88.0,2,1.8,6,6.0,4.6,5,0.00011992454528808594,5.196151971817017,"bag ( SVM ( C = 50 , kernel = poly ) )"
2,0,5,0.3794642857142857,0.0195615199108988,0.3526785714285714,0.40625,0.4185110663983903,88,88.0,2,1.8,6,6.0,4.6,5,5.602836608886719e-05,5.8852620124816895,"bag ( SVM ( C = 50 , kernel = poly ) )"
