gen,invalid,valid,avg,std,min,max,fitness_test,best_ind_length,avg_length,best_ind_nodes,avg_nodes,best_ind_depth,avg_depth,avg_used_codons,best_ind_used_codons,selection_time,generation_time,best_phenotype
0,3,7,0.6870535714285715,0.31307631806178254,0.3571428571428571,1.0,0.3621730382293763,88,56.0,2,1.4285714285714286,6,6.571428571428571,4.857142857142857,5,0.0,3.429560899734497,"bag ( SVM ( C = 100 , kernel = poly ) )"
1,0,10,0.41741071428571425,0.19480098835420603,0.3303571428571429,1.0,0.35010060362173034,53,56.2,2,1.9,6,6.4,5.3,5,0.0003349781036376953,0.9157781600952148,bag ( KNN ( n_neighbors = 50 ) ; n_estimators = 50 )
2,0,10,0.35624999999999996,0.032671740113449955,0.3303571428571429,0.4464285714285714,0.3561368209255533,53,67.3,2,2.1,6,6.5,5.7,5,0.00018215179443359375,2.0709497928619385,bag ( KNN ( n_neighbors = 50 ) ; n_estimators = 50 )
3,0,10,0.346875,0.01325073399969269,0.3303571428571429,0.3660714285714286,0.352112676056338,53,64.2,2,1.9,6,6.3,5.2,5,0.00018787384033203125,2.0885748863220215,bag ( KNN ( n_neighbors = 50 ) ; n_estimators = 50 )
