{
  "timestamp": "2026-02-17T02:11:00.420470",
  "source": {
    "type": "json",
    "json_file": "/home/aghil/Documents/my document/limerick/projects/Torque/results/Torque_mapper_result.json",
    "torque_command": "vote(LR(C=1.0), DT(max_depth=5); voting=\"hard\")"
  },
  "data_info": {
    "n_samples": 4885,
    "n_features": 14,
    "n_classes": 4,
    "class_distribution": {
      "0": 2472,
      "1": 1244,
      "2": 784,
      "3": 385
    }
  },
  "parameters": {
    "test_size": 0.3,
    "cv_folds": 5,
    "random_state": 42
  },
  "estimator_info": {
    "type": "VotingClassifier",
    "module": "sklearn.ensemble._voting"
  },
  "data_split": {
    "train_samples": 3419,
    "test_samples": 1466,
    "train_features": 14
  },
  "preprocessing": "none",
  "use_smote": false,
  "metrics": {
    "accuracy": 0.534106412005457,
    "mae": 0.46589358799454295,
    "precision_macro": 0.28201717678941496,
    "recall_macro": 0.2950708264036245,
    "f1_macro": 0.24325354707267383,
    "precision_micro": 0.534106412005457,
    "recall_micro": 0.534106412005457,
    "f1_micro": 0.534106412005457,
    "precision_weighted": 0.3644169945732039,
    "recall_weighted": 0.534106412005457,
    "f1_weighted": 0.3956005928238568,
    "cohen_kappa": 0.0879962254801947,
    "matthews_corrcoef": 0.18284366527693147
  },
  "cross_validation": {
    "accuracy": {
      "mean": 0.5355168884339816,
      "std": 0.0028512565562301244,
      "scores": [
        0.5383828045035824,
        0.5373592630501536,
        0.5353121801432958,
        0.5301944728761515,
        0.5363357215967247
      ],
      "min": 0.5301944728761515,
      "max": 0.5383828045035824
    },
    "precision_macro": {
      "mean": 0.33705232160080534,
      "std": 0.10006328999552629,
      "scores": [
        0.2979557713052859,
        0.278014553014553,
        0.29084934944851726,
        0.28174946004319656,
        0.5366924741924742
      ],
      "min": 0.278014553014553,
      "max": 0.5366924741924742
    },
    "recall_macro": {
      "mean": 0.29875827193628063,
      "std": 0.002959450582435194,
      "scores": [
        0.3015376696905359,
        0.2980769230769231,
        0.29675855488795483,
        0.2947342633899791,
        0.3026839486360103
      ],
      "min": 0.2947342633899791,
      "max": 0.3026839486360103
    },
    "f1_macro": {
      "mean": 0.24964402971352237,
      "std": 0.0043358996160868255,
      "scores": [
        0.2530575429584786,
        0.24641115926327192,
        0.2483602413178194,
        0.24429475403143497,
        0.2560964509966069
      ],
      "min": 0.24429475403143497,
      "max": 0.2560964509966069
    }
  },
  "confusion_matrix": {
    "matrix": [
      [
        740,
        0,
        2,
        0
      ],
      [
        372,
        0,
        1,
        0
      ],
      [
        192,
        0,
        43,
        0
      ],
      [
        90,
        0,
        26,
        0
      ]
    ],
    "labels": [
      0,
      1,
      2,
      3
    ]
  },
  "classification_report": {
    "0": {
      "precision": 0.5308464849354376,
      "recall": 0.9973045822102425,
      "f1-score": 0.6928838951310862,
      "support": 742.0
    },
    "1": {
      "precision": 0.0,
      "recall": 0.0,
      "f1-score": 0.0,
      "support": 373.0
    },
    "2": {
      "precision": 0.5972222222222222,
      "recall": 0.1829787234042553,
      "f1-score": 0.28013029315960913,
      "support": 235.0
    },
    "3": {
      "precision": 0.0,
      "recall": 0.0,
      "f1-score": 0.0,
      "support": 116.0
    },
    "accuracy": 0.534106412005457,
    "macro avg": {
      "precision": 0.28201717678941496,
      "recall": 0.2950708264036245,
      "f1-score": 0.24325354707267383,
      "support": 1466.0
    },
    "weighted avg": {
      "precision": 0.3644169945732039,
      "recall": 0.534106412005457,
      "f1-score": 0.3956005928238568,
      "support": 1466.0
    }
  },
  "status": "success",
  "error": null
}