{
  "timestamp": "2026-02-24T11:57:10.226786",
  "source": {
    "type": "json",
    "json_file": "/home/aghil/Documents/my document/limerick/projects/Torque/results/Torque_mapper_result.json",
    "torque_command": "vote(LR(C=1.0), DT(max_depth=5); voting=\"hard\")"
  },
  "data_info": {
    "n_samples": 178,
    "n_features": 13,
    "n_classes": 3,
    "class_distribution": {
      "1": 59,
      "2": 71,
      "3": 48
    }
  },
  "parameters": {
    "test_size": 0.3,
    "cv_folds": 5,
    "random_state": 42
  },
  "estimator_info": {
    "type": "VotingClassifier",
    "module": "sklearn.ensemble._voting"
  },
  "data_split": {
    "train_samples": 124,
    "test_samples": 54,
    "train_features": 13
  },
  "preprocessing": "none",
  "use_smote": false,
  "metrics": {
    "accuracy": 0.9259259259259259,
    "precision_macro": 0.9349206349206348,
    "recall_macro": 0.9238095238095237,
    "f1_macro": 0.9269005847953217,
    "precision_micro": 0.9259259259259259,
    "recall_micro": 0.9259259259259259,
    "f1_micro": 0.9259259259259259,
    "precision_weighted": 0.9296296296296297,
    "recall_weighted": 0.9259259259259259,
    "f1_weighted": 0.9255778334725704,
    "cohen_kappa": 0.8875,
    "matthews_corrcoef": 0.8893649316571083
  },
  "cross_validation": {
    "accuracy": {
      "mean": 0.9217460317460316,
      "std": 0.040900668716246334,
      "scores": [
        0.9166666666666666,
        0.8888888888888888,
        0.8888888888888888,
        0.9142857142857143,
        1.0
      ],
      "min": 0.8888888888888888,
      "max": 1.0
    },
    "precision_macro": {
      "mean": 0.9228801753801754,
      "std": 0.03239395222237104,
      "scores": [
        0.8906371406371406,
        0.9118589743589745,
        0.8912698412698412,
        0.9484126984126985,
        0.9722222222222222
      ],
      "min": 0.8906371406371406,
      "max": 0.9722222222222222
    },
    "recall_macro": {
      "mean": 0.9214814814814816,
      "std": 0.042466506331671754,
      "scores": [
        0.9246031746031745,
        0.8761904761904762,
        0.8952380952380952,
        0.9113756613756614,
        1.0
      ],
      "min": 0.8761904761904762,
      "max": 1.0
    },
    "f1_macro": {
      "mean": 0.917813080316123,
      "std": 0.050343345347075845,
      "scores": [
        0.8928449328449327,
        0.8580641805793935,
        0.8897435897435897,
        0.9484126984126985,
        1.0
      ],
      "min": 0.8580641805793935,
      "max": 1.0
    }
  },
  "confusion_matrix": {
    "matrix": [
      [
        18,
        0,
        0
      ],
      [
        2,
        19,
        0
      ],
      [
        0,
        2,
        13
      ]
    ],
    "labels": [
      1,
      2,
      3
    ]
  },
  "classification_report": {
    "1": {
      "precision": 0.9,
      "recall": 1.0,
      "f1-score": 0.9473684210526315,
      "support": 18.0
    },
    "2": {
      "precision": 0.9047619047619048,
      "recall": 0.9047619047619048,
      "f1-score": 0.9047619047619048,
      "support": 21.0
    },
    "3": {
      "precision": 1.0,
      "recall": 0.8666666666666667,
      "f1-score": 0.9285714285714286,
      "support": 15.0
    },
    "accuracy": 0.9259259259259259,
    "macro avg": {
      "precision": 0.9349206349206348,
      "recall": 0.9238095238095237,
      "f1-score": 0.9269005847953217,
      "support": 54.0
    },
    "weighted avg": {
      "precision": 0.9296296296296297,
      "recall": 0.9259259259259259,
      "f1-score": 0.9255778334725704,
      "support": 54.0
    }
  },
  "status": "success",
  "error": null
}