{
  "timestamp": "2026-02-11T14:26:04.097133",
  "source": {
    "type": "json",
    "json_file": "/home/aghil/Documents/my document/limerick/projects/Torque/results/Torque_mapper_result.json",
    "torque_command": "vote(LR(C=1.0), DT(max_depth=5); voting=\"hard\")"
  },
  "data_info": {
    "n_samples": 172,
    "n_features": 13,
    "n_classes": 5,
    "class_distribution": {
      "0": 93,
      "1": 31,
      "2": 20,
      "3": 20,
      "4": 8
    }
  },
  "parameters": {
    "test_size": 0.3,
    "cv_folds": 5,
    "random_state": 42
  },
  "estimator_info": {
    "type": "VotingClassifier",
    "module": "sklearn.ensemble._voting"
  },
  "data_split": {
    "train_samples": 120,
    "test_samples": 52,
    "train_features": 13
  },
  "metrics": {
    "accuracy": 0.5769230769230769,
    "precision_macro": 0.3873684210526316,
    "recall_macro": 0.2666666666666667,
    "f1_macro": 0.2632034632034632,
    "precision_micro": 0.5769230769230769,
    "recall_micro": 0.5769230769230769,
    "f1_micro": 0.5769230769230769,
    "precision_weighted": 0.5352226720647774,
    "recall_weighted": 0.5769230769230769,
    "f1_weighted": 0.5108225108225108,
    "cohen_kappa": 0.2532637075718015,
    "matthews_corrcoef": 0.2705386754193558
  },
  "cross_validation": {
    "accuracy": {
      "mean": 0.5932773109243697,
      "std": 0.06177242277294165,
      "scores": [
        0.6285714285714286,
        0.5142857142857142,
        0.6764705882352942,
        0.5294117647058824,
        0.6176470588235294
      ],
      "min": 0.5142857142857142,
      "max": 0.6764705882352942
    },
    "precision_macro": {
      "mean": 0.31026307026307026,
      "std": 0.1474076192539622,
      "scores": [
        0.24615384615384617,
        0.1641025641025641,
        0.5717948717948718,
        0.2025974025974026,
        0.3666666666666666
      ],
      "min": 0.1641025641025641,
      "max": 0.5717948717948718
    },
    "recall_macro": {
      "mean": 0.3006683375104428,
      "std": 0.07168478186202507,
      "scores": [
        0.3,
        0.21228070175438596,
        0.40614035087719297,
        0.2349206349206349,
        0.35
      ],
      "min": 0.21228070175438596,
      "max": 0.40614035087719297
    },
    "f1_macro": {
      "mean": 0.28974891774891776,
      "std": 0.08908363142933712,
      "scores": [
        0.2688888888888889,
        0.1874747474747475,
        0.43428571428571433,
        0.21714285714285717,
        0.34095238095238095
      ],
      "min": 0.1874747474747475,
      "max": 0.43428571428571433
    }
  },
  "confusion_matrix": {
    "matrix": [
      [
        28,
        0,
        0,
        0,
        0
      ],
      [
        8,
        0,
        0,
        1,
        0
      ],
      [
        1,
        2,
        1,
        2,
        0
      ],
      [
        1,
        4,
        0,
        1,
        0
      ],
      [
        0,
        2,
        0,
        1,
        0
      ]
    ],
    "labels": [
      0,
      1,
      2,
      3,
      4
    ]
  },
  "classification_report": {
    "0": {
      "precision": 0.7368421052631579,
      "recall": 1.0,
      "f1-score": 0.8484848484848485,
      "support": 28.0
    },
    "1": {
      "precision": 0.0,
      "recall": 0.0,
      "f1-score": 0.0,
      "support": 9.0
    },
    "2": {
      "precision": 1.0,
      "recall": 0.16666666666666666,
      "f1-score": 0.2857142857142857,
      "support": 6.0
    },
    "3": {
      "precision": 0.2,
      "recall": 0.16666666666666666,
      "f1-score": 0.18181818181818182,
      "support": 6.0
    },
    "4": {
      "precision": 0.0,
      "recall": 0.0,
      "f1-score": 0.0,
      "support": 3.0
    },
    "accuracy": 0.5769230769230769,
    "macro avg": {
      "precision": 0.3873684210526316,
      "recall": 0.2666666666666667,
      "f1-score": 0.2632034632034632,
      "support": 52.0
    },
    "weighted avg": {
      "precision": 0.5352226720647774,
      "recall": 0.5769230769230769,
      "f1-score": 0.5108225108225108,
      "support": 52.0
    }
  },
  "status": "success",
  "error": null
}