{
  "timestamp": "2026-02-16T15:32:59.121107",
  "source": {
    "type": "json",
    "json_file": "/home/aghil/Documents/my document/limerick/projects/Torque/results/Torque_mapper_result.json",
    "torque_command": "bag ( XGB ( n_estimators = 1 , max_depth = 3 ) )"
  },
  "data_info": {
    "n_samples": 1985,
    "n_features": 16,
    "n_classes": 2,
    "class_distribution": {
      "0": 1181,
      "1": 804
    }
  },
  "parameters": {
    "test_size": 0.25,
    "cv_folds": 5,
    "random_state": 42
  },
  "estimator_info": {
    "type": "BaggingClassifier",
    "module": "sklearn.ensemble._bagging"
  },
  "data_split": {
    "train_samples": 1488,
    "test_samples": 497,
    "train_features": 16
  },
  "preprocessing": "standard",
  "use_smote": true,
  "metrics": {
    "accuracy": 0.5935613682092555,
    "precision_macro": 0.5776027789956494,
    "recall_macro": 0.577349737797499,
    "f1_macro": 0.57746632996633,
    "precision_micro": 0.5935613682092555,
    "recall_micro": 0.5935613682092555,
    "f1_micro": 0.5935613682092555,
    "precision_weighted": 0.5929165767258775,
    "recall_weighted": 0.5935613682092555,
    "f1_weighted": 0.5932295117506384,
    "cohen_kappa": 0.1549468864160536,
    "matthews_corrcoef": 0.15495231018182004,
    "roc_auc": 0.6056625655506253,
    "average_precision": 0.5134798490230754,
    "log_loss": 0.6785929875205531
  },
  "cross_validation": {
    "accuracy": {
      "mean": 0.6136020151133501,
      "std": 0.013942924436370841,
      "scores": [
        0.6120906801007556,
        0.6221662468513854,
        0.6045340050377834,
        0.5944584382871536,
        0.6347607052896725
      ],
      "min": 0.5944584382871536,
      "max": 0.6347607052896725
    },
    "precision_macro": {
      "mean": 0.6474776555492407,
      "std": 0.05092150417595568,
      "scores": [
        0.6563660477453581,
        0.6881332320162108,
        0.57856933450601,
        0.6010471204188481,
        0.713272543059777
      ],
      "min": 0.57856933450601,
      "max": 0.713272543059777
    },
    "recall_macro": {
      "mean": 0.5288402751588774,
      "std": 0.009729672783403769,
      "scores": [
        0.5404667721518988,
        0.5299242025476366,
        0.5337272344457311,
        0.5111459100957996,
        0.5289372565533214
      ],
      "min": 0.5111459100957996,
      "max": 0.5404667721518988
    },
    "f1_macro": {
      "mean": 0.44639608156023647,
      "std": 0.025052503150353466,
      "scores": [
        0.42591768631813126,
        0.4683677162504524,
        0.4618479163933709,
        0.4074793725887753,
        0.4683677162504524
      ],
      "min": 0.4074793725887753,
      "max": 0.4683677162504524
    }
  },
  "confusion_matrix": {
    "matrix": [
      [
        196,
        100
      ],
      [
        102,
        99
      ]
    ],
    "labels": [
      0,
      1
    ]
  },
  "classification_report": {
    "0.0": {
      "precision": 0.6577181208053692,
      "recall": 0.6621621621621622,
      "f1-score": 0.6599326599326599,
      "support": 296.0
    },
    "1.0": {
      "precision": 0.49748743718592964,
      "recall": 0.4925373134328358,
      "f1-score": 0.495,
      "support": 201.0
    },
    "accuracy": 0.5935613682092555,
    "macro avg": {
      "precision": 0.5776027789956494,
      "recall": 0.577349737797499,
      "f1-score": 0.57746632996633,
      "support": 497.0
    },
    "weighted avg": {
      "precision": 0.5929165767258775,
      "recall": 0.5935613682092555,
      "f1-score": 0.5932295117506384,
      "support": 497.0
    }
  },
  "status": "success",
  "error": null
}