{
  "timestamp": "2026-02-17T02:39:28.838442",
  "source": {
    "type": "json",
    "json_file": "/home/aghil/Documents/my document/limerick/projects/Torque/results/Torque_mapper_result.json",
    "torque_command": "vote(LR(C=1.0), DT(max_depth=5); voting=\"hard\")"
  },
  "data_info": {
    "n_samples": 297,
    "n_features": 13,
    "n_classes": 5,
    "class_distribution": {
      "0": 160,
      "1": 54,
      "2": 35,
      "3": 35,
      "4": 13
    }
  },
  "parameters": {
    "test_size": 0.3,
    "cv_folds": 5,
    "random_state": 42
  },
  "estimator_info": {
    "type": "VotingClassifier",
    "module": "sklearn.ensemble._voting"
  },
  "data_split": {
    "train_samples": 207,
    "test_samples": 90,
    "train_features": 13
  },
  "preprocessing": "none",
  "use_smote": false,
  "metrics": {
    "accuracy": 0.5555555555555556,
    "mae": 0.4444444444444444,
    "precision_macro": 0.2181512605042017,
    "recall_macro": 0.26136363636363635,
    "f1_macro": 0.23662103662103662,
    "precision_micro": 0.5555555555555556,
    "recall_micro": 0.5555555555555556,
    "f1_micro": 0.5555555555555556,
    "precision_weighted": 0.4367693744164332,
    "recall_weighted": 0.5555555555555556,
    "f1_weighted": 0.488036088036088,
    "cohen_kappa": 0.23306348530038346,
    "matthews_corrcoef": 0.246074285055529
  },
  "cross_validation": {
    "accuracy": {
      "mean": 0.5823728813559322,
      "std": 0.03529088707747812,
      "scores": [
        0.65,
        0.55,
        0.576271186440678,
        0.576271186440678,
        0.559322033898305
      ],
      "min": 0.55,
      "max": 0.65
    },
    "precision_macro": {
      "mean": 0.2990066495066495,
      "std": 0.041201235006635556,
      "scores": [
        0.3666666666666667,
        0.3030888030888031,
        0.31277777777777777,
        0.2611111111111111,
        0.2513888888888889
      ],
      "min": 0.2513888888888889,
      "max": 0.3666666666666667
    },
    "recall_macro": {
      "mean": 0.2928961038961039,
      "std": 0.04361002123093409,
      "scores": [
        0.37191558441558437,
        0.29862012987012987,
        0.26907467532467527,
        0.2825487012987013,
        0.24232142857142858
      ],
      "min": 0.24232142857142858,
      "max": 0.37191558441558437
    },
    "f1_macro": {
      "mean": 0.27697388770027076,
      "std": 0.040489720728805766,
      "scores": [
        0.3439705882352941,
        0.2912909698996656,
        0.26289967342598924,
        0.2662111309170133,
        0.2204970760233918
      ],
      "min": 0.2204970760233918,
      "max": 0.3439705882352941
    }
  },
  "confusion_matrix": {
    "matrix": [
      [
        45,
        3,
        0,
        0,
        0
      ],
      [
        10,
        3,
        3,
        0,
        0
      ],
      [
        5,
        4,
        2,
        0,
        0
      ],
      [
        3,
        5,
        3,
        0,
        0
      ],
      [
        0,
        2,
        2,
        0,
        0
      ]
    ],
    "labels": [
      0,
      1,
      2,
      3,
      4
    ]
  },
  "classification_report": {
    "0": {
      "precision": 0.7142857142857143,
      "recall": 0.9375,
      "f1-score": 0.8108108108108109,
      "support": 48.0
    },
    "1": {
      "precision": 0.17647058823529413,
      "recall": 0.1875,
      "f1-score": 0.18181818181818182,
      "support": 16.0
    },
    "2": {
      "precision": 0.2,
      "recall": 0.18181818181818182,
      "f1-score": 0.19047619047619047,
      "support": 11.0
    },
    "3": {
      "precision": 0.0,
      "recall": 0.0,
      "f1-score": 0.0,
      "support": 11.0
    },
    "4": {
      "precision": 0.0,
      "recall": 0.0,
      "f1-score": 0.0,
      "support": 4.0
    },
    "accuracy": 0.5555555555555556,
    "macro avg": {
      "precision": 0.2181512605042017,
      "recall": 0.26136363636363635,
      "f1-score": 0.23662103662103662,
      "support": 90.0
    },
    "weighted avg": {
      "precision": 0.4367693744164332,
      "recall": 0.5555555555555556,
      "f1-score": 0.488036088036088,
      "support": 90.0
    }
  },
  "status": "success",
  "error": null
}