{
  "timestamp": "2026-02-18T14:41:37.790016",
  "source": {
    "type": "json",
    "json_file": "/Users/sahar/Documents/limerick/project/Torque/results/Torque_mapper_result.json",
    "torque_command": "vote(LR(C=1.0), DT(max_depth=5); voting=\"hard\")"
  },
  "data_info": {
    "n_samples": 1985,
    "n_features": 16,
    "n_classes": 2,
    "class_distribution": {
      "0": 1181,
      "1": 804
    }
  },
  "parameters": {
    "test_size": 0.3,
    "cv_folds": 5,
    "random_state": 42
  },
  "estimator_info": {
    "type": "VotingClassifier",
    "module": "sklearn.ensemble._voting"
  },
  "data_split": {
    "train_samples": 1389,
    "test_samples": 596,
    "train_features": 16
  },
  "preprocessing": "none",
  "use_smote": false,
  "metrics": {
    "accuracy": 0.6543624161073825,
    "precision_macro": 0.6648554841642047,
    "recall_macro": 0.593267488749927,
    "f1_macro": 0.5746573728919252,
    "precision_micro": 0.6543624161073825,
    "recall_micro": 0.6543624161073825,
    "f1_micro": 0.6543624161073825,
    "precision_weighted": 0.6618798379988372,
    "recall_weighted": 0.6543624161073825,
    "f1_weighted": 0.6098758803592204,
    "cohen_kappa": 0.20632991583383975,
    "matthews_corrcoef": 0.2479972339736774
  },
  "cross_validation": {
    "accuracy": {
      "mean": 0.6387909319899244,
      "std": 0.021170681500705977,
      "scores": [
        0.6574307304785895,
        0.6599496221662469,
        0.6246851385390428,
        0.6045340050377834,
        0.6473551637279596
      ],
      "min": 0.6045340050377834,
      "max": 0.6599496221662469
    },
    "precision_macro": {
      "mean": 0.6541831009055559,
      "std": 0.054402462277398464,
      "scores": [
        0.6649830144823887,
        0.7077662368672397,
        0.614540059347181,
        0.5713406052076002,
        0.712285588623369
      ],
      "min": 0.5713406052076002,
      "max": 0.712285588623369
    },
    "recall_macro": {
      "mean": 0.572867657510473,
      "std": 0.02042599634863322,
      "scores": [
        0.5973364978902953,
        0.5916017475523739,
        0.5609537846089062,
        0.5413332982419202,
        0.5731129592588693
      ],
      "min": 0.5413332982419202,
      "max": 0.5973364978902953
    },
    "f1_macro": {
      "mean": 0.5419290851217864,
      "std": 0.026885147871749712,
      "scores": [
        0.5816130432087285,
        0.5616488774383511,
        0.5328784755948291,
        0.5044900473319069,
        0.5290149820351162
      ],
      "min": 0.5044900473319069,
      "max": 0.5816130432087285
    }
  },
  "confusion_matrix": {
    "matrix": [
      [
        324,
        31
      ],
      [
        175,
        66
      ]
    ],
    "labels": [
      0,
      1
    ]
  },
  "classification_report": {
    "0.0": {
      "precision": 0.6492985971943888,
      "recall": 0.9126760563380282,
      "f1-score": 0.7587822014051522,
      "support": 355.0
    },
    "1.0": {
      "precision": 0.6804123711340206,
      "recall": 0.27385892116182575,
      "f1-score": 0.3905325443786982,
      "support": 241.0
    },
    "accuracy": 0.6543624161073825,
    "macro avg": {
      "precision": 0.6648554841642047,
      "recall": 0.593267488749927,
      "f1-score": 0.5746573728919252,
      "support": 596.0
    },
    "weighted avg": {
      "precision": 0.6618798379988372,
      "recall": 0.6543624161073825,
      "f1-score": 0.6098758803592204,
      "support": 596.0
    }
  },
  "status": "success",
  "error": null
}