{
  "timestamp": "2026-02-11T23:52:49.929858",
  "source": {
    "type": "json",
    "json_file": "/home/aghil/Documents/my document/limerick/projects/Torque/results/Torque_mapper_result.json",
    "torque_command": "vote(LR(C=1.0), DT(max_depth=5); voting=\"hard\")"
  },
  "data_info": {
    "n_samples": 893,
    "n_features": 16,
    "n_classes": 2,
    "class_distribution": {
      "0": 531,
      "1": 362
    }
  },
  "parameters": {
    "test_size": 0.3,
    "cv_folds": 5,
    "random_state": 42
  },
  "estimator_info": {
    "type": "VotingClassifier",
    "module": "sklearn.ensemble._voting"
  },
  "data_split": {
    "train_samples": 625,
    "test_samples": 268,
    "train_features": 16
  },
  "preprocessing": "none",
  "use_smote": false,
  "metrics": {
    "accuracy": 0.6156716417910447,
    "precision_macro": 0.5965909090909092,
    "recall_macro": 0.5549304714096128,
    "f1_macro": 0.528933940852233,
    "precision_micro": 0.6156716417910447,
    "recall_micro": 0.6156716417910447,
    "f1_micro": 0.6156716417910447,
    "precision_weighted": 0.6018911126187246,
    "recall_weighted": 0.6156716417910447,
    "f1_weighted": 0.5666459847386729,
    "cohen_kappa": 0.1212275563478925,
    "matthews_corrcoef": 0.14568162780868005
  },
  "cross_validation": {
    "accuracy": {
      "mean": 0.6203690917079906,
      "std": 0.012255123316969447,
      "scores": [
        0.6033519553072626,
        0.6312849162011173,
        0.6368715083798883,
        0.6123595505617978,
        0.6179775280898876
      ],
      "min": 0.6033519553072626,
      "max": 0.6368715083798883
    },
    "precision_macro": {
      "mean": 0.6138928941910464,
      "std": 0.02888056739829659,
      "scores": [
        0.5753914988814317,
        0.6546052631578947,
        0.6286290322580645,
        0.587118718455124,
        0.6237199582027169
      ],
      "min": 0.5753914988814317,
      "max": 0.6546052631578947
    },
    "recall_macro": {
      "mean": 0.5600781882616221,
      "std": 0.010535754321765374,
      "scores": [
        0.5435513052468338,
        0.5675885241664513,
        0.5713265835929388,
        0.552017819706499,
        0.5659067085953878
      ],
      "min": 0.5435513052468338,
      "max": 0.5713265835929388
    },
    "f1_macro": {
      "mean": 0.5298056542272601,
      "std": 0.01461958140093631,
      "scores": [
        0.5161241195507329,
        0.517244197450147,
        0.5302958015267176,
        0.5286849073256841,
        0.5566792452830189
      ],
      "min": 0.5161241195507329,
      "max": 0.5566792452830189
    }
  },
  "confusion_matrix": {
    "matrix": [
      [
        140,
        19
      ],
      [
        84,
        25
      ]
    ],
    "labels": [
      0,
      1
    ]
  },
  "classification_report": {
    "0.0": {
      "precision": 0.625,
      "recall": 0.8805031446540881,
      "f1-score": 0.7310704960835509,
      "support": 159.0
    },
    "1.0": {
      "precision": 0.5681818181818182,
      "recall": 0.22935779816513763,
      "f1-score": 0.32679738562091504,
      "support": 109.0
    },
    "accuracy": 0.6156716417910447,
    "macro avg": {
      "precision": 0.5965909090909092,
      "recall": 0.5549304714096128,
      "f1-score": 0.528933940852233,
      "support": 268.0
    },
    "weighted avg": {
      "precision": 0.6018911126187246,
      "recall": 0.6156716417910447,
      "f1-score": 0.5666459847386729,
      "support": 268.0
    }
  },
  "status": "success",
  "error": null
}