{
  "timestamp": "2026-02-18T00:59:27.125163",
  "source": {
    "type": "json",
    "json_file": "/Users/sahar/Documents/limerick/project/Torque/results/Torque_mapper_result.json",
    "torque_command": "vote(LR(C=1.0), DT(max_depth=5); voting=\"hard\")"
  },
  "data_info": {
    "n_samples": 48842,
    "n_features": 14,
    "n_classes": 4,
    "class_distribution": {
      "0": 24720,
      "1": 12435,
      "2": 7841,
      "3": 3846
    }
  },
  "parameters": {
    "test_size": 0.25,
    "cv_folds": 5,
    "random_state": 42
  },
  "estimator_info": {
    "type": "VotingClassifier",
    "module": "sklearn.ensemble._voting"
  },
  "data_split": {
    "train_samples": 36631,
    "test_samples": 12211,
    "train_features": 14
  },
  "preprocessing": "none",
  "use_smote": true,
  "metrics": {
    "accuracy": 0.5364834984849726,
    "precision_macro": 0.48702980423541997,
    "recall_macro": 0.31547361268431345,
    "f1_macro": 0.28007631652820764,
    "precision_micro": 0.5364834984849726,
    "recall_micro": 0.5364834984849726,
    "f1_micro": 0.5364834984849726,
    "precision_weighted": 0.5269706251077846,
    "recall_weighted": 0.5364834984849726,
    "f1_weighted": 0.41156636566222987,
    "cohen_kappa": 0.11275537151402937,
    "matthews_corrcoef": 0.19124118313097735
  },
  "cross_validation": {
    "accuracy": {
      "mean": 0.5414192435765781,
      "std": 0.0016900024782640132,
      "scores": [
        0.5433514177500256,
        0.5407923021803664,
        0.5385954135954136,
        0.5414619164619164,
        0.5428951678951679
      ],
      "min": 0.5385954135954136,
      "max": 0.5433514177500256
    },
    "precision_macro": {
      "mean": 0.47577960075101783,
      "std": 0.09562819767941586,
      "scores": [
        0.2898522451002681,
        0.49572214710975115,
        0.5426790364826244,
        0.499125111209086,
        0.5515194638533594
      ],
      "min": 0.2898522451002681,
      "max": 0.5515194638533594
    },
    "recall_macro": {
      "mean": 0.3073382790130893,
      "std": 0.0029729518060747496,
      "scores": [
        0.311805703806147,
        0.30734795488252803,
        0.30248387625659373,
        0.3069801989814043,
        0.3080736611387736
      ],
      "min": 0.30248387625659373,
      "max": 0.311805703806147
    },
    "f1_macro": {
      "mean": 0.260133277921702,
      "std": 0.00351260674284837,
      "scores": [
        0.2646798475156684,
        0.259759030928605,
        0.2540193508688723,
        0.2602052873924716,
        0.2620028729028927
      ],
      "min": 0.2540193508688723,
      "max": 0.2646798475156684
    }
  },
  "confusion_matrix": {
    "matrix": [
      [
        6076,
        5,
        75,
        24
      ],
      [
        3068,
        12,
        22,
        7
      ],
      [
        1420,
        1,
        390,
        149
      ],
      [
        693,
        4,
        192,
        73
      ]
    ],
    "labels": [
      0,
      1,
      2,
      3
    ]
  },
  "classification_report": {
    "0": {
      "precision": 0.5397530425513014,
      "recall": 0.9831715210355987,
      "f1-score": 0.6969088719389803,
      "support": 6180.0
    },
    "1": {
      "precision": 0.5454545454545454,
      "recall": 0.0038597619813444837,
      "f1-score": 0.0076652826572979876,
      "support": 3109.0
    },
    "2": {
      "precision": 0.5743740795287187,
      "recall": 0.1989795918367347,
      "f1-score": 0.2955665024630542,
      "support": 1960.0
    },
    "3": {
      "precision": 0.2885375494071146,
      "recall": 0.07588357588357589,
      "f1-score": 0.12016460905349795,
      "support": 962.0
    },
    "accuracy": 0.5364834984849726,
    "macro avg": {
      "precision": 0.48702980423541997,
      "recall": 0.31547361268431345,
      "f1-score": 0.28007631652820764,
      "support": 12211.0
    },
    "weighted avg": {
      "precision": 0.5269706251077846,
      "recall": 0.5364834984849726,
      "f1-score": 0.41156636566222987,
      "support": 12211.0
    }
  },
  "status": "success",
  "error": null
}