gen,invalid,valid,avg,std,min,max,fitness_test,best_ind_length,avg_length,best_ind_nodes,avg_nodes,best_ind_depth,avg_depth,avg_used_codons,best_ind_used_codons,selection_time,generation_time,best_phenotype
0,5,5,0.6910714285714286,0.309074335966384,0.3571428571428571,1.0,0.3319919517102615,98,76.2,2,2.2,6,6.4,6.0,6,0.0,1.4185364246368408,ada ( LR ( C = 10 ) ; final_estimator = LR )
1,0,10,0.4977678571428571,0.2514645399647709,0.3571428571428571,1.0,0.3319919517102615,98,83.4,2,2.0,6,6.1,5.9,6,0.00021910667419433594,2.672959804534912,ada ( LR ( C = 10 ) ; final_estimator = LR )
2,0,10,0.43080357142857145,0.19037182082917717,0.3526785714285714,1.0,0.35412474849094566,95,98.3,2,1.9,6,6.2,5.9,6,9.799003601074219e-05,1.8195488452911377,ada ( LR ( C = 0.1 ) ; voting = hard )
3,0,10,0.3696428571428571,0.015821468880954787,0.3526785714285714,0.40625,0.35412474849094566,95,97.8,2,2.1,6,6.3,6.4,6,9.703636169433594e-05,0.7218151092529297,ada ( LR ( C = 0.1 ) ; voting = hard )
