gen,invalid,valid,avg,std,min,max,fitness_test,best_ind_length,avg_length,best_ind_nodes,avg_nodes,best_ind_depth,avg_depth,avg_used_codons,best_ind_used_codons,selection_time,generation_time,best_phenotype
0,3,2,0.6357142857142857,0.2984948423647674,0.3616071428571429,1.0,0.352112676056338,93,91.5,2,1.5,6,6.5,4.5,5,0.0,0.3751254081726074,"bag ( LR ( C = 0.1 , max_iter = 2 ) )"
1,0,5,0.3991071428571429,0.04846166694682827,0.3571428571428571,0.4910714285714286,0.35412474849094566,90,93.0,2,2.0,6,6.2,5.0,5,1.71661376953125e-05,0.38387537002563477,"bag ( XGB ( n_estimators = 2 , max_depth = 1 ) )"
2,0,5,0.3696428571428571,0.019232731454051816,0.3526785714285714,0.3973214285714286,0.3440643863179075,89,90.0,1,1.6,6,6.0,4.6,4,3.361701965332031e-05,1.5554769039154053,bag ( XGB ( max_depth = 1 ) )
