gen,train_min_mean,train_min_std,train_avg_mean,train_avg_std,train_max_mean,train_max_std,test_mean,test_std,invalid_mean
0,0.0,0.0,0.60625,0.04875000000000002,1.0,0.0,0.011111111111111127,0.011111111111111127,6.0
1,0.0,0.0,0.15625000000000006,0.03625000000000002,1.0,0.0,0.033333333333333326,0.033333333333333326,0.0
2,0.0,0.0,0.07625,0.011249999999999996,0.675,0.325,0.033333333333333326,0.033333333333333326,0.0
3,0.0,0.0,0.10250000000000001,0.0675,0.625,0.375,0.033333333333333326,0.033333333333333326,0.0
4,0.0,0.0,0.06125,0.026249999999999996,0.675,0.325,0.033333333333333326,0.033333333333333326,0.0
5,0.0,0.0,0.06625,0.0012500000000000011,0.8,0.2,0.07777777777777778,0.07777777777777778,0.0
