gen,train_min_mean,train_min_std,train_avg_mean,train_avg_std,train_max_mean,train_max_std,test_mean,test_std,invalid_mean
0,0.5234375,0.4765625,0.9265625,0.07343749999999999,1.0,0.0,1.0,0.0,8.5
1,0.5234375,0.4765625,0.9841145833333333,0.015885416666666652,1.0,0.0,1.0,0.0,0.0
2,0.5234375,0.4765625,0.9841145833333333,0.015885416666666652,1.0,0.0,1.0,0.0,0.0
3,0.5234375,0.4765625,0.9841145833333333,0.015885416666666652,1.0,0.0,1.0,0.0,0.0
4,0.5234375,0.4765625,0.9841145833333333,0.015885416666666652,1.0,0.0,1.0,0.0,0.0
5,0.5234375,0.4765625,0.9841145833333333,0.015885416666666652,1.0,0.0,1.0,0.0,0.0
