gen,train_min_mean,train_min_std,train_avg_mean,train_avg_std,train_max_mean,train_max_std,test_mean,test_std,invalid_mean
0,0.35000000000000003,0.04999999999999999,0.63125,0.08124999999999993,1.0,0.0,0.4069767441860465,0.034883720930232565,1.5
1,0.35000000000000003,0.04999999999999999,0.41875,0.10625000000000001,0.5249999999999999,0.175,0.4186046511627907,0.023255813953488358,0.0
2,0.35000000000000003,0.04999999999999999,0.3875,0.04999999999999999,0.45,0.04999999999999999,0.4186046511627907,0.023255813953488358,0.0
