gen,invalid,valid,avg,std,min,max,fitness_test,best_ind_length,avg_length,best_ind_nodes,avg_nodes,best_ind_depth,avg_depth,avg_used_codons,best_ind_used_codons,selection_time,generation_time,best_phenotype
0,8,12,0.655,0.3836991008589934,0.0,1.0,0.022222222222222254,47,66.33333333333333,3,2.0,7,6.416666666666667,5.666666666666667,7,0.0,7.606698036193848,"bag ( DT ( max_depth = 5 , criterion = gini , min_samples_split = 0.4 ) )"
1,0,20,0.19250000000000006,0.3046616976254153,0.0,1.0,0.06666666666666665,47,50.05,3,1.95,7,6.75,5.7,7,0.00017905235290527344,0.395003080368042,"bag ( DT ( max_depth = 5 , criterion = gini , min_samples_split = 0.4 ) )"
2,0,20,0.0875,0.2279665545644799,0.0,1.0,0.06666666666666665,47,43.45,3,2.0,7,6.95,5.85,7,0.0001862049102783203,0.36454010009765625,"bag ( DT ( max_depth = 5 , criterion = gini , min_samples_split = 0.4 ) )"
3,0,20,0.035,0.07599342076785333,0.0,0.25,0.06666666666666665,47,44.95,3,2.2,7,6.85,5.95,7,0.0010297298431396484,0.31376004219055176,"bag ( DT ( max_depth = 5 , criterion = gini , min_samples_split = 0.4 ) )"
4,0,20,0.0875,0.22741756748325315,0.0,1.0,0.06666666666666665,47,45.4,3,2.65,7,7.3,7.4,7,0.00019288063049316406,0.28159618377685547,"bag ( DT ( max_depth = 5 , criterion = gini , min_samples_split = 0.4 ) )"
5,0,20,0.065,0.1789553016817328,0.0,0.6,0.15555555555555556,47,46.0,3,2.65,7,6.9,6.6,7,0.0002980232238769531,0.7269129753112793,"bag ( DT ( max_depth = 5 , criterion = gini , min_samples_split = 0.4 ) )"
