gen,train_min_mean,train_min_std,train_avg_mean,train_avg_std,train_max_mean,train_max_std,test_mean,test_std,invalid_mean
0,0.3571428571428571,0.0,0.6908482142857142,0.0,1.0,0.0,0.34808853118712274,0.016096579476861217,6.0
1,0.3415178571428571,0.015625,0.3977678571428571,0.013392857142857179,0.7455357142857143,0.2544642857142857,0.35412474849094566,0.02213279678068414,0.0
2,0.3370535714285714,0.011160714285714302,0.39988839285714284,0.025781250000000006,0.7053571428571428,0.29464285714285715,0.36217303822937624,0.012072434607645899,0.0
3,0.3370535714285714,0.011160714285714302,0.4005580357142857,0.028013392857142855,0.6964285714285714,0.30357142857142855,0.36217303822937624,0.012072434607645899,0.0
4,0.3370535714285714,0.011160714285714302,0.3794642857142857,0.005133928571428553,0.7075892857142857,0.2924107142857143,0.36217303822937624,0.012072434607645899,0.0
5,0.3370535714285714,0.011160714285714302,0.37767857142857136,0.0037946428571428714,0.7075892857142857,0.2924107142857143,0.36217303822937624,0.012072434607645899,0.0
