gen,invalid,valid,avg,std,min,max,fitness_test,best_ind_length,avg_length,best_ind_nodes,avg_nodes,best_ind_depth,avg_depth,avg_used_codons,best_ind_used_codons,selection_time,generation_time,best_phenotype
0,5,5,0.6807272727272726,0.26172624648508896,0.41454545454545455,1.0,0.4091653027823241,71,76.2,3,2.2,7,6.4,6.0,8,0.0,10.935564756393433,"stack ( XGB ( n_estimators = 10 , max_depth = 2 ) ; n_estimators = 5 )"
1,0,10,0.4294545454545455,0.024145564074231317,0.41454545454545455,0.49090909090909096,0.4091653027823241,71,71.0,3,2.7,7,7.0,7.7,8,4.839897155761719e-05,2.281587600708008,"stack ( XGB ( n_estimators = 10 , max_depth = 2 ) ; n_estimators = 5 )"
2,0,10,0.43054545454545456,0.021830299665168914,0.41454545454545455,0.48,0.4091653027823241,71,73.0,3,2.9,7,7.0,7.9,8,6.961822509765625e-05,5.409535884857178,"stack ( XGB ( n_estimators = 10 , max_depth = 2 ) ; n_estimators = 5 )"
3,0,10,0.42218181818181816,0.013649690457544335,0.41454545454545455,0.4509090909090909,0.4091653027823241,71,72.3,3,3.0,7,7.1,8.3,8,6.651878356933594e-05,2.5477139949798584,"stack ( XGB ( n_estimators = 10 , max_depth = 2 ) ; n_estimators = 5 )"
4,0,10,0.42327272727272724,0.02318163992801343,0.4036363636363637,0.49090909090909096,0.42716857610474634,79,72.1,3,3.5,7,7.7,10.4,8,5.936622619628906e-05,2549.1234307289124,"stack ( RF ( n_estimators = 2 , max_depth = 5 ) ; final_estimator = SVM )"
