gen,invalid,avg,std,min,max,fitness_test,best_ind_length,avg_length,best_ind_nodes,avg_nodes,best_ind_depth,avg_depth,avg_used_codons,best_ind_used_codons,invalid_count_min,invalid_count_avg,invalid_count_max,invalid_count_std,nodes_length_min,nodes_length_avg,nodes_length_max,nodes_length_std,structural_diversity,selection_time,generation_time
0,1,0.6116071428571429,0.3172094122570921,0.3392857142857143,1.0,0.352112676056338,34,65.5,3,1.75,6,6.25,5.0,6,1,1.0,1,0.0,1,1.75,3,0.9574271077563381,0.8,0.0,2.579758882522583
1,0,0.34464285714285714,0.013363062095621216,0.3348214285714286,0.3705357142857143,0.352112676056338,34,34.0,3,3.0,6,6.0,6.0,6,0,0.0,0,0.0,3,3.0,3,0.0,0.4,0.00014495849609375,1.2810580730438232
2,0,0.47232142857142867,0.263890268823221,0.3348214285714286,1.0,0.35010060362173034,34,34.0,3,3.0,6,6.0,6.0,6,0,0.0,0,0.0,3,3.0,3,0.0,0.4,9.226799011230469e-05,1.2177131175994873
