gen,train_min_mean,train_min_std,train_avg_mean,train_avg_std,train_max_mean,train_max_std,test_mean,test_std,invalid_mean
0,0.3638392857142857,0.006696428571428603,0.6241071428571429,0.008035714285714257,1.0,0.0,0.358148893360161,0.02012072434607648,2.0
1,0.36607142857142855,0.008928571428571452,0.4321428571428571,0.0705357142857142,0.6897321428571428,0.31026785714285715,0.38531187122736416,0.0030181086519114886,0.0
2,0.36607142857142855,0.008928571428571452,0.4991071428571428,0.01339285714285715,1.0,0.0,0.3752515090543259,0.007042253521126751,0.0
