gen,invalid,valid,avg,std,min,max,fitness_test,best_ind_length,avg_length,best_ind_nodes,avg_nodes,best_ind_depth,avg_depth,avg_used_codons,best_ind_used_codons,selection_time,generation_time,best_phenotype
0,1,3,0.4,0.3674234614174767,0.0,1.0,0.0,51,57.666666666666664,1,1.6666666666666667,7,6.333333333333333,5.0,5,0.0,0.2847254276275635,stack ( RF ( max_depth = 50 ) )
1,0,4,0.012500000000000011,0.021650635094610987,0.0,0.050000000000000044,0.0,51,51.0,1,1.0,7,7.0,5.0,5,2.5033950805664062e-05,0.4768331050872803,stack ( RF ( max_depth = 50 ) )
2,0,4,0.025000000000000022,0.025000000000000022,0.0,0.050000000000000044,0.0,51,51.0,1,2.25,7,8.0,8.5,5,2.8371810913085938e-05,0.578540563583374,stack ( RF ( max_depth = 50 ) )
