gen,train_min_mean,train_min_std,train_avg_mean,train_avg_std,train_max_mean,train_max_std,test_mean,test_std,invalid_mean
0,0.025000000000000022,0.025000000000000022,0.4875,0.08749999999999997,1.0,0.0,0.04444444444444445,0.04444444444444445,1.5
1,0.025000000000000022,0.025000000000000022,0.36875,0.11875,1.0,0.0,0.04444444444444445,0.04444444444444445,0.0
2,0.025000000000000022,0.025000000000000022,0.23125,0.20625,0.525,0.475,0.033333333333333326,0.033333333333333326,0.0
