gen,train_min_mean,train_min_std,train_avg_mean,train_avg_std,train_max_mean,train_max_std,test_mean,test_std,invalid_mean
0,0.3660714285714286,0.004464285714285698,0.6388392857142857,0.0031250000000000444,1.0,0.0,0.3551307847082495,0.0030181086519114886,2.0
1,0.3660714285714286,0.004464285714285698,0.44821428571428573,0.07767857142857143,0.6852678571428572,0.31473214285714285,0.34808853118712274,0.01006036217303824,0.0
2,0.3660714285714286,0.004464285714285698,0.3732142857142858,0.0,0.3839285714285714,0.0,0.358148893360161,0.0,0.0
