gen,invalid,valid,avg,std,min,max,fitness_test,best_ind_length,avg_length,best_ind_nodes,avg_nodes,best_ind_depth,avg_depth,avg_used_codons,best_ind_used_codons,selection_time,generation_time,best_phenotype
0,8,12,0.6908482142857142,0.309397465557234,0.3571428571428571,1.0,0.3319919517102615,98,66.33333333333333,2,1.9166666666666667,6,6.416666666666667,5.583333333333333,6,0.0,20.07231903076172,ada ( LR ( C = 10 ) ; final_estimator = LR )
1,0,20,0.4111607142857143,0.13681342385317521,0.3571428571428571,1.0,0.3319919517102615,98,58.45,2,1.9,6,6.5,5.6,6,0.0001761913299560547,5.487791061401367,ada ( LR ( C = 10 ) ; final_estimator = LR )
2,0,20,0.37410714285714286,0.017382073512439096,0.3482142857142857,0.4107142857142857,0.35010060362173034,54,65.65,1,1.75,7,6.45,5.4,5,0.00018095970153808594,18.11015295982361,stack ( RF ( max_depth = 200 ) )
3,0,20,0.37254464285714284,0.01490530002213977,0.3482142857142857,0.3928571428571429,0.35010060362173034,54,64.55,1,2.05,7,6.75,6.3,5,0.0001800060272216797,5.192301988601685,stack ( RF ( max_depth = 200 ) )
4,0,20,0.3743303571428571,0.017872482250969622,0.3482142857142857,0.4151785714285714,0.35010060362173034,54,68.7,1,1.5,7,6.65,5.15,5,0.00018596649169921875,6.965517044067383,stack ( RF ( max_depth = 200 ) )
5,0,20,0.3738839285714285,0.020694022955842564,0.3482142857142857,0.4151785714285714,0.35010060362173034,54,67.25,1,1.45,7,6.85,5.4,5,0.0001800060272216797,6.408720970153809,stack ( RF ( max_depth = 200 ) )
